numero_cuenta,nombre,apellido_pat,apellido_mat,fecha_nac,sexo,telefonos,correos,facultad,carrera
321315012,Mariam,Ximena,Carpinteiro,15-03-2004,F,5567788990,mariam.carpinteiro@gmail.com,Ciencias,CC
321256870,Michelle,Ariadna,García,24-11-2005,F,5562233778,aricc24@gmail.com,Ciencias,CC
321562429,Lara,Guillén,Gilabert,10-07-2003,F,5563344556,lara.guillen@gmail.com,Ciencias,CC
321088642,Julieta,Melina,Flores,12-10-2003,F,5564455667,julieta.melina@gmail.com,Ciencias,CC
321102502,José,Antonio,Zarco,05-05-2002,M,5565566677,jose.zarco@gmail.com,Ciencias,CC